folder_name,speaker,gender,
Parker-Hannifin_20171102,Thomas Williams,M,
Edison Int'l_20170501,Pedro J. Pizarro,M,
Verisign Inc._20171026,George Kilguss,M,
Tyson Foods_20170206,Thomas P. Hayes,M,
The Bank of New York Mellon Corp._20170720,Todd Gibbons,M,
eBay Inc._20170720,Scott Schenkel,M,
Conagra Brands_20171221,Scott A. Hill,M,
Exxon Mobil Corp._20171027,Jeffrey J. Woodbury,M,
Archer-Daniels-Midland Co_20170502,Ray G. Young,M,
Merck & Co._20170728,Adam H. Schechter,M,
HP Inc._20170524,Steve Fieler,M,
Illinois Tool Works_20170424,Michael M. Larsen,M,
General Dynamics_20170127,Jason Aiken,M,
Fortune Brands Home & Security_20170802,Christopher J. Klein,M,
Automatic Data Processing_20171102,Carlos A. Rodriguez,M,
Amgen Inc._20171025,Anthony C. Hooper,M,
Avery Dennison Corp_20170201,Anne Bramman,F,
Mastercard Inc._20170727,Ajay Banga,M,
CME Group Inc._20171026,Terrence Duffy,M,
Rockwell Automation Inc._20170125,Ted Crandall,M,
ResMed_20170427,Michael J. Farrell,M,
Estee Lauder Cos._20170202,Fabrizio Freda,M,
Seagate Technology_20170725,Stephen James Luczo,M,
Dominion Energy_20171030,Thomas F. Farrell II,M,
Valero Energy_20170425,Joseph W. Gorder,M,
Micron Technology_20170629,Ernest Maddock,M,
Equinix_20170802,Stephen M. Smith,M,
LKQ Corporation_20170727,Dominick P. Zarcone,M,
Garmin Ltd._20170222,Clifton A. Pemble,M,
Agilent Technologies Inc_20170214,Michael R. McMullen,M,
Apache Corporation_20170223,John J. Christmann,M,
"Coty, Inc_20170209",Camillo Pane,M,
"Tapestry, Inc._20170131",Victor Luis,M,
Celgene Corp._20170126,Michael Pehl,M,
General Motors_20171024,Mary Teresa Barra,F,
Grainger (W.W.) Inc._20170719,D.G. Macpherson,M,
HP Inc._20170823,Cathie Lesjak,F,
Chevron Corp._20170428,Patricia E. Yarrington,F,
Dish Network_20170222,R. Stanton Dodge,M,
Stericycle Inc_20170504,Daniel V. Ginnetti,M,
Juniper Networks_20170425,Rami Rahim,M,
The Clorox Company_20170803,Lisah Burhan,F,
Hess Corporation_20170426,John P. Rielly,M,
Perrigo_20171109,Ron L. Winowiecki,M,
Synopsys Inc._20170517,Aart de Geus,M,
Western Digital_20171026,Stephen D. Milligan,M,
Advance Auto Parts_20170524,Tom Greco,M,
BorgWarner_20170209,James R. Verrier,M,
Mattel Inc._20171026,Mary Margaret Hastings Georgiadis,F,
PepsiCo Inc._20170711,Indra K. Nooyi,F,
WestRock_20171102,Steve Voorhees,M,
CIGNA Corp._20170804,Eric Palmer,M,
U.S. Bancorp_20170719,Terry Dolan,M,
The Clorox Company_20170203,Steven Austenfeld,M,
Thermo Fisher Scientific_20170426,Marc N. Casper,M,
Genuine Parts_20170221,Paul D. Donahue,M,
DaVita Inc._20170801,Joel Ackerman,M,
Merck & Co._20170202,Adam H. Schechter,M,
Electronic Arts_20171031,Blake J. Jorgensen,M,
The Mosaic Company_20171031,Richard L. Mack,M,
Sysco Corp._20170508,Thomas L. Bené,M,
Conagra Brands_20171221,Sean Connolly,M,
Church & Dwight_20171102,Matthew T. Farrell,M,
Estee Lauder Cos._20171101,Fabrizio Freda,M,
Hewlett Packard Enterprise_20170531,Tim Stonesifer,M,
Goldman Sachs Group_20170118,Dane Holmes,M,
Stericycle Inc_20170803,Daniel V. Ginnetti,M,
AbbVie Inc._20170427,Michael E. Severino,M,
JPMorgan Chase & Co._20171012,Marianne Lake,F,
The Mosaic Company_20170801,Richard L. Mack,M,
Rockwell Automation Inc._20170426,Blake D. Moret,M,
Crown Castle International Corp._20170719,Jay Brown,M,
Cboe Global Markets_20170804,Ed Tilly,M,
Akamai Technologies Inc_20170207,James Benson,M,
Carmax Inc_20171221,Tom Reedy,M,
Wec Energy Group Inc_20170201,Allen L. Leverett,M,
Comcast Corp._20170126,Michael J. Cavanagh,M,
Sealed Air_20171108,Jerome A. Peribere,M,
Cognizant Technology Solutions_20171101,Francisco D'Souza,M,
Oracle Corp._20171214,Safra Catz,F,
Caterpillar Inc._20170725,Bradley M. Halverson,M,
Skyworks Solutions_20170720,Liam K. Griffin,M,
F5 Networks_20170125,John McAdam,M,
Hormel Foods Corp._20170223,James P. Snee,M,
General Mills_20170628,Don Mulligan,M,
The Walt Disney Company_20171109,Christine M. McCarthy,F,
Martin Marietta Materials_20171102,C. Howard Nye,M,
PPL Corp._20170803,William H. Spence,M,
Pinnacle West Capital_20170502,Don Brandt,M,
Citigroup Inc._20171012,John Gerspach,M,
Newmont Mining Corporation_20170725,Tom Palmer,M,
TransDigm Group_20170207,W. Nicholas Howley,M,
Duke Energy_20171103,Lynn J. Good,F,
Mondelez International_20170802,Brian T. Gladden,M,
Altria Group Inc_20171026,Martin J. Barrington,M,
NRG Energy_20170228,Mauricio Gutierrez,M,
Tiffany & Co._20170524,Mark Aaron,M,
Automatic Data Processing_20170503,Jan Siegmund,M,
Quanta Services Inc._20170504,Duke Austin,M,
Salesforce.com_20170228,Keith G. Block,M,
Stryker Corp._20171026,Glenn S. Boehnlein,M,
Autodesk Inc._20170302,Scott Herren,M,
Regions Financial Corp._20170721,David Turner,M,
Citrix Systems_20170802,David James Henshall,M,
American Tower Corp A_20170427,Thomas A. Bartlett,M,
Public Serv. Enterprise Inc._20170428,Daniel J. Cregg,M,
Walmart_20171116,Steve Schmitt,M,
Edwards Lifesciences_20170201,Michael A. Mussallem,M,
PPL Corp._20170504,William H. Spence,M,
Ball Corp_20171102,John A. Hayes,M,
NetApp_20171115,George Kurian,M,
Marsh & McLennan_20171026,Daniel Glaser,M,
Henry Schein_20170221,Steven Paladino,M,
Roper Technologies_20170209,Brian D. Jellison,M,
Waste Management Inc._20171026,"James C. Fish, Jr.",M,
PACCAR Inc._20170725,Ronald Armstrong,M,
Republic Services Inc_20170727,Charles F. Serianni,M,
Altria Group Inc_20170727,Martin J. Barrington,M,
AT&T Inc._20171024,John J. Stephens,M,
Aetna Inc_20170131,Shawn M. Guertin,M,
Biogen Inc._20170126,Paul J. Clancy,M,
Bristol-Myers Squibb_20170427,Giovanni Caforio,M,
Alliance Data Systems_20171019,Charles Horn,M,
Skyworks Solutions_20171106,Liam K. Griffin,M,
Corning Inc._20170124,Tony Tripeny,M,
XL Group_20171024,Stephen Robb,M,
Kroger Co._20170615,Michael Schlotman,M,
Martin Marietta Materials_20170502,C. Howard Nye,M,
Yum! Brands Inc_20170803,Greg Creed,M,
ABIOMED Inc_20170504,Michael R. Minogue,M,
Red Hat Inc._20170925,Eric Shander,M,
Masco Corp._20171024,John Sznewajs,M,
Nordstrom_20171109,Blake Nordstrom,M,
Campbell Soup_20171121,Denise Morrison,F,
Martin Marietta Materials_20170214,C. Howard Nye,M,
Fidelity National Information Services_20170802,James W. Woodall,M,
Intuit Inc._20170523,Brad Smith,M,
PayPal_20170726,Dan Schulman,M,
Pinnacle West Capital_20171103,James Hatfield,M,
Comerica Inc._20170117,Dave Duprey,M,
Bristol-Myers Squibb_20170727,Giovanni Caforio,M,
AES Corp_20170508,Andrés Gluski,M,
Kimberly-Clark_20170124,Thomas J. Falk,M,
Skyworks Solutions_20170119,Liam Griffin,M,
Starbucks Corp._20170126,Kevin R. Johnson,M,
BorgWarner_20170727,Ronald T. Hundzinski,M,
Garmin Ltd._20171101,Clifton A. Pemble,M,
United Technologies_20170725,Carroll K. Lane,M,
Hanesbrands Inc_20171101,Richard D. Moss,M,
Kellogg Co._20170504,Paul T. Norman,M,
MGM Resorts International_20170727,James Joseph Murren,M,
Gap Inc._20170518,Arthur Peck,M,
The Hershey Company_20170426,Michele G. Buck,F,
Sherwin-Williams_20170720,John Morikis,M,
Celgene Corp._20170727,Michael Pehl,M,
Advanced Micro Devices Inc_20170725,Dr. Lisa T. Su,F,
Lam Research_20170125,Doug Bettinger,M,
Nordstrom_20170223,Michael G. Koppel,M,
Ecolab Inc._20170801,Michael J. Monahan,M,
Verisign Inc._20170727,George E. Kilguss III,M,
Campbell Soup_20170831,Denise Morrison,F,
Kohl's Corp._20170223,Kevin Mansell,M,
Kohl's Corp._20170511,Jill Timm,F,
Nike_20170321,Andy Campion,M,
Kraft Heinz Co_20170215,Bernardo Vieira Hees,M,
Grainger (W.W.) Inc._20170125,DG Macpherson,M,
Humana Inc._20170503,Brian A. Kane,M,
CVS Health_20170209,Larry J. Merlo,M,
Intel Corp._20171026,Brian M. Krzanich,M,
AmerisourceBergen Corp_20170803,Tim G. Guttman,M,
Fidelity National Information Services_20170207,James Woodall,M,
Republic Services Inc_20170216,Charles F. Serianni,M,
Hilton Worldwide Holdings Inc_20170502,Christopher J. Nassetta,M,
Hasbro Inc._20171023,Brian Goldner,M,
SVB Financial_20170126,Michael Descheneaux,M,
Garmin Ltd._20170503,Clifton A. Pemble,M,
CenturyLink Inc_20170802,Glen F. Post,M,
Parker-Hannifin_20170427,Thomas L. Williams,M,
Ross Stores_20170228,Michael J. Hartshorn,M,
Wec Energy Group Inc_20170502,Allen L. Leverett,M,
Aon plc_20170509,Gregory C. Case,M,
Anthem Inc._20170726,Joseph R. Swedish,M,
Merck & Co._20170502,Adam H. Schechter,M,
Verizon Communications_20170420,Matt Ellis,M,
Digital Realty Trust Inc_20170216,Andrew Power,M,
Dish Network_20171109,Steven E. Swain,M,
Walgreens Boots Alliance_20170405,George Fairweather,M,
JPMorgan Chase & Co._20170714,Marianne Lake,F,
eBay Inc._20170125,Scott Schenkel,M,
Martin Marietta Materials_20170801,C. Howard Nye,M,
Boeing Company_20170426,Dennis A. Muilenburg,M,
CIGNA Corp._20170505,David Michael Cordani,M,
EQT Corporation_20170427,Robert J. McNally,M,
Sealed Air_20170509,Jerome A. Peribere,M,
SunTrust Banks_20170120,Aleem Gillani,M,
Ball Corp_20170504,Scott C. Morrison,M,
AbbVie Inc._20170728,William J. Chase,M,
Pinnacle West Capital_20170224,Don Brandt,M,
"Facebook, Inc._20171101",Mark Elliot Zuckerberg,M,
PepsiCo Inc._20170426,Indra K. Nooyi,F,
Tractor Supply Company_20170426,Kurt D. Barton,M,
Nvidia Corporation_20170509,Colette M. Kress,F,
Target Corp._20170816,Mark Tritton,M,
Walgreens Boots Alliance_20171025,George Rollo Fairweather,M,
PayPal_20170126,Dan Schulman,M,
Skyworks Solutions_20170427,Liam K. Griffin,M,
Texas Instruments_20171024,Rafael R. Lizardi,M,
CBRE Group_20171103,James Groch,M,
United Technologies_20171024,Carroll Lane,M,
Freeport-McMoRan Inc._20170425,Richard C. Adkerson,M,
Illumina Inc_20170801,Francis A. deSouza,M,
Amazon.com Inc._20170202,Darin Manney,M,
Merck & Co._20171027,Adam H. Schechter,M,
General Mills_20171220,Jonathon Nudi,M,
Caterpillar Inc._20171024,Bradley M. Halverson,M,
PerkinElmer_20171102,Robert F. Friel,M,
Johnson Controls International_20170727,George Oliver,M,
TE Connectivity Ltd._20170726,Terrence R. Curtin,M,
Nektar Therapeutics_20170301,Howard Robin,M,
Mastercard Inc._20170131,Ajay Banga,M,
Broadridge Financial Solutions_20170510,James M. Young,M,
Raytheon Co._20171026,Anthony F. O'Brien,M,
Kraft Heinz Co_20171101,David H. Knopf,M,
"Nasdaq, Inc._20170131",Adena T. Friedman,F,
Hasbro Inc._20170424,Deborah M. Thomas,F,
AmerisourceBergen Corp_20170131,Tim Guttman,M,
Synopsys Inc._20170215,Aart de Geus,M,
Target Corp._20171115,John J. Mulligan,M,
A.O. Smith Corp_20170726,John J. Kita,M,
Kohl's Corp._20171109,Kevin Mansell,M,
Cisco Systems_20171115,Charles H. Robbins,M,
American Express Co_20170419,Jeff Campbell,M,
Hewlett Packard Enterprise_20171121,Meg Whitman,F,
Sysco Corp._20170814,Thomas Bené,M,
Automatic Data Processing_20170201,Carlos A. Rodriguez,M,
Valero Energy_20170131,Joe Gorder,M,
Regeneron_20171108,George D. Yancopoulos,M,
Marsh & McLennan_20170727,Daniel S. Glaser,M,
Fifth Third Bancorp_20170124,Tayfun Tuzun,M,
General Motors_20170725,Mary Teresa Barra,F,
Kinder Morgan_20170419,Steve Kean,M,
Alaska Air Group Inc_20170208,Brandon S. Pedersen,M,
Chevron Corp._20170728,James William Johnson,M,
Gartner Inc_20170504,Craig W. Safian,M,
Johnson Controls International_20171109,Brian Stief,M,
Regeneron_20170504,George D. Yancopoulos,M,
Allegion_20170427,Patrick Shannon,M,
Foot Locker Inc_20171117,Lauren B. Peters,F,
Automatic Data Processing_20170727,Carlos A. Rodriguez,M,
Gilead Sciences_20170502,James R. Meyers,M,
IPG Photonics Corp._20170502,Timothy P. V. Mammen,M,
Grainger (W.W.) Inc._20170418,Donald G. Macpherson,M,
Alaska Air Group Inc_20171025,Brandon S. Pedersen,M,
SVB Financial_20170427,Michael Descheneaux,M,
AES Corp_20171102,Andrés Gluski,M,
News Corp. Class A_20170509,Robert Thomson,M,
Salesforce.com_20170822,Marc Benioff,M,
WestRock_20170124,Steve Voorhees,M,
Motorola Solutions Inc._20170803,Gino A. Bonanotte,M,
Juniper Networks_20170725,Rami Rahim,M,
Estee Lauder Cos._20170818,Fabrizio Freda,M,
Sealed Air_20170209,Jerome A. Peribere,M,
Ameren Corp_20170216,Warner Baxter,M,
United Health Group Inc._20171017,Steve Nelson,M,
Illumina Inc_20171024,Francis A. deSouza,M,
Kroger Co._20171130,Mike Schlotman,M,
Verisign Inc._20170427,George E. Kilguss III,M,
Anthem Inc._20170201,John E. Gallina,M,
Rockwell Automation Inc._20170726,Blake D. Moret,M,
Emerson Electric Company_20170207,David N. Farr,M,
Texas Instruments_20170124,David Pahl,M,
Emerson Electric Company_20170502,David N. Farr,M,
The Clorox Company_20170503,Steven Austenfeld,M,
"Allergan, Plc_20170803",William J. Meury,M,
American Tower Corp A_20171031,Thomas A. Bartlett,M,
Lam Research_20170418,Doug Bettinger,M,
The Walt Disney Company_20170808,Christine M. McCarthy,F,
Estee Lauder Cos._20170503,Fabrizio Freda,M,
Weyerhaeuser_20170203,Doyle R. Simons,M,
Humana Inc._20170802,Bruce D. Broussard,M,
Noble Energy Inc_20170803,Gary W. Willingham,M,
Activision Blizzard_20170209,Thomas Tippl,M,
Kansas City Southern_20171020,Brian Hancock,M,
Stryker Corp._20170727,Glenn S. Boehnlein,M,
Sysco Corp._20171106,Thomas L. Bené,M,
Archer-Daniels-Midland Co_20170801,Ray G. Young,M,
Celgene Corp._20170427,Michael Pehl,M,
Quanta Services Inc._20170803,"Earl C. Austin, Jr.",M,
Seagate Technology_20170426,"David H. Morton, Jr.",M,
ResMed_20170123,Mick Farrell,M,
Comcast Corp._20170427,Michael J. Cavanagh,M,
3M Company_20170725,Nicholas C. Gangestad,M,
Walgreens Boots Alliance_20170629,George Fairweather,M,
TE Connectivity Ltd._20170125,Terrence Curtin,M,
Kellogg Co._20170803,Paul T. Norman,M,
Incyte_20170801,David W. Gryska,M,
General Motors_20170428,Mary Teresa Barra,F,
Wec Energy Group Inc_20171026,Gale E. Klappa,M,
The Clorox Company_20171101,Lisah Burhan,F,
Cognizant Technology Solutions_20170803,Rajeev Mehta,M,
Stericycle Inc_20171108,Dan Ginnetti,M,
Microsoft Corp._20170427,Amy E. Hood,F,
Coca-Cola Company (The)_20170209,Muhtar Kent,M,
Iron Mountain Incorporated_20170223,Stuart B. Brown,M,
Ford Motor_20170427,Robert L. Shanks,M,
Amgen Inc._20170725,Anthony C. Hooper,M,
American Express Co_20171018,Jeff Campbell,M,
Goldman Sachs Group_20170718,Martin Chavez,M,openly gay
Align Technology_20170131,John Morici,M,
Norfolk Southern Corp._20170426,Alan H. Shaw,M,
Kroger Co._20170908,Rodney McMullen,M,
Allegion_20170209,Patrick S. Shannon,M,
Activision Blizzard_20170504,Thomas Tippl,M,
NiSource Inc._20170503,Donald E. Brown,M,
Yum! Brands Inc_20170209,Greg Creed,M,
Citigroup Inc._20170118,John Gerspach,M,
Hewlett Packard Enterprise_20170905,Meg Whitman,F,
McDonald's Corp._20171024,Chris Kempczinski,M,
Verizon Communications_20171019,Matthew Ellis,M,
Aon plc_20171027,Christa Davies,F,
Tractor Supply Company_20170726,Kurt D. Barton,M,
Iron Mountain Incorporated_20170427,Stuart B. Brown,M,
PepsiCo Inc._20171004,Indra Nooyi,F,
United Health Group Inc._20170418,Larry Renfro,M,
SunTrust Banks_20171020,Aleem Gillani,M,
Franklin Resources_20170428,Robert Lee,M,
Invesco Ltd._20170727,Loren Starr,M,
Booking Holdings Inc_20171106,Daniel J. Finnegan,M,
Gartner Inc_20171102,Craig W. Safian,M,
CMS Energy_20171026,Patti Poppe,F,
Dominion Energy_20170802,Thomas F. Farrell II,M,
Verizon Communications_20170727,Matthew D. Ellis,M,
Dover Corp._20170420,Brad Cerepak,M,
AMETEK Inc._20170207,David A. Zapico,M,
Lennar Corp._20171003,Stuart Miller,M,
Aetna Inc_20171031,Shawn M. Guertin,M,
Interpublic Group_20170210,Frank Mergenthaler,M,
"Twitter, Inc._20170209",Jack Dorsey,M,
Ross Stores_20171116,Barbara Rentler,F,
ResMed_20171026,Mick Farrell,M,
Incyte_20170214,David W. Gryska,M,
Regions Financial Corp._20171024,David Turner,M,
Apache Corporation_20171102,John Christmann,M,
Goodyear Tire & Rubber_20170428,Richard J. Kramer,M,
Invesco Ltd._20171026,Loren Starr,M,
Home Depot_20170516,Carol Tome,F,
Kansas City Southern_20170120,Patrick Ottensmeyer,M,
F5 Networks_20170726,François Locoh-Donou,M,
Ecolab Inc._20170502,"Douglas M. Baker, Jr.",M,
Quanta Services Inc._20170221,"Earl C. Austin, Jr.",M,
Comerica Inc._20170418,David Duprey,M,
Ecolab Inc._20170221,Michael J. Monahan,M,
Cardinal Health Inc._20170501,Michael C. Kaufmann,M,
Darden Restaurants_20171219,Gene Lee,M,
PG&E Corp._20170727,Geisha J. Williams,F,
Xcel Energy Inc_20170202,Benjamin G. S. Fowke,M,
Carmax Inc_20170922,Bill Nash,M,
WestRock_20170426,Steven Voorhees,M,
Xilinx_20170426,Lorenzo A. Flores,M,
Alexion Pharmaceuticals_20171026,Paul J. Clancy,M,
Nucor Corp._20170420,James Frias,M,
Micron Technology_20170926,Sanjay Mehrotra,M,
Avery Dennison Corp_20170426,Gregory Lovins,M,
Raytheon Co._20170427,Anthony F. O'Brien,M,
Nielsen Holdings_20170727,Jamere Jackson,M,
Snap-On Inc._20170720,Nick Pinchuk,M,
Synopsys Inc._20171129,Aart de Geus,M,
AbbVie Inc._20171027,"Michael E. Severino, M.D.",M,
Coca-Cola Company (The)_20170726,James Quincey,M,
Ulta Beauty_20171130,Mary Dillon,F,
Comcast Corp._20170727,Michael J. Cavanagh,M,
Parker-Hannifin_20170202,Lee Banks,M,
KLA-Tencor Corp._20170727,Bren D. Higgins,M,
General Dynamics_20171025,Jason W. Aiken,M,
Dollar General_20171207,John Garratt,M,
Align Technology_20170427,Joseph M. Hogan,M,
Microsoft Corp._20170126,Amy E. Hood,F,
D. R. Horton_20170124,Mike Dahl,M,
Welltower Inc._20170505,Shankh Mitra,M,
Dover Corp._20170720,Brad Cerepak,M,
Hanesbrands Inc_20170502,Richard D. Moss,M,
Lockheed Martin Corp._20170124,Marillyn Hewson,F,
Western Union Co_20170502,Rajesh K. Agrawal,M,
Avery Dennison Corp_20171025,Gregory Lovins,M,
Foot Locker Inc_20170519,Richard Johnson,M,
Seagate Technology_20170124,David Morton,M,
Pinnacle West Capital_20170803,Jim Hatfield,M,
Norwegian Cruise Line_20170222,Wendy A. Beck,F,
Booking Holdings Inc_20170509,Daniel J. Finnegan,M,
KLA-Tencor Corp._20170427,Bren D. Higgins,M,
LyondellBasell_20170203,Thomas Aebischer,M,
Sempra Energy_20170509,Jeffrey Walker Martin,M,
Becton Dickinson_20171102,Christopher R. Reidy,M,
Quest Diagnostics_20170420,Stephen Rusckowski,M,
CMS Energy_20170501,Patricia K. Poppe,F,
"Twitter, Inc._20170426",Krista Bessinger,F,
Alliance Data Systems_20170126,Charles Horn,M,
American Tower Corp A_20170227,Tom Bartlett,M,
International Paper_20170202,Glenn Landau,M,
"Coty, Inc_20170822",Camillo Pane,M,
"CA, Inc._20170802",Kieran J. McGrath,M,
Illumina Inc_20170131,Sam A. Samad,M,
Lockheed Martin Corp._20170425,Marillyn A. Hewson,F,
Align Technology_20170727,Joseph M. Hogan,M,
Aetna Inc_20170502,Shawn M. Guertin,M,
Franklin Resources_20170127,William Katz,M,
United Parcel Service_20170727,Richard N. Peretz,M,
FleetCor Technologies Inc_20170803,Ronald F. Clarke,M,
Nucor Corp._20171019,Jim Frias,M,
Weyerhaeuser_20170428,Doyle R. Simons,M,
Xerox_20170425,William F. Osbourn,M,
U.S. Bancorp_20170419,Terry Dolan,M,
Cummins Inc._20170801,Norman Thomas Linebarger,M,
Ross Stores_20170518,Michael Hartshorn,M,
Newell Brands_20170206,Ralph J. Nicoletti,M,
Johnson Controls International_20170201,Brian J. Stief,M,
Texas Instruments_20170425,Rafael R. Lizardi,M,
General Motors_20170207,Charles K. Stevens,M,
Royal Caribbean Cruises Ltd_20170801,Richard D. Fain,M,
Anthem Inc._20170426,Joseph R. Swedish,M,
AMETEK Inc._20170802,David A. Zapico,M,
The Hershey Company_20171026,Michele G. Buck,F,
The Hershey Company_20170203,John P. Bilbrey,M,
Gap Inc._20170223,Arthur L. Peck,M,
Archer-Daniels-Midland Co_20170207,Ray G. Young,M,
F5 Networks_20170426,Andrew Reinland,M,
HP Inc._20170222,Dion J. Weisler,M,
Ulta Beauty_20170309,Mary Dillon,F,
Intuit Inc._20170223,Brad D. Smith,M,
Hess Corporation_20171025,John P. Rielly,M,
Hess Corporation_20170125,Gregory Hill,M,
Intel Corp._20170427,Robert H. Swan,M,
Polo Ralph Lauren Corp._20170202,Jane Nielsen,F,
Motorola Solutions Inc._20171102,Gino A. Bonanotte,M,
Tractor Supply Company_20171025,Kurt D. Barton,M,
Norfolk Southern Corp._20171025,Alan H. Shaw,M,
Johnson Controls International_20170427,George R. Oliver,M,
FLIR Systems_20171025,Shane Harrison,M,
Ecolab Inc._20171031,Michael J. Monahan,M,
Waste Management Inc._20170726,Devina A. Rankin,F,
Tractor Supply Company_20170201,Anthony F. Crudele,M,
Incyte_20170504,David W. Gryska,M,
The Walt Disney Company_20170207,Christine M. McCarthy,F,
CenturyLink Inc_20171108,Jeff Storey,M,
CIGNA Corp._20170202,David Michael Cordani,M,
Lockheed Martin Corp._20170718,Marillyn Hewson,F,
HCA Holdings_20170502,William B. Rutherford,M,
PACCAR Inc._20171024,Ronald Armstrong,M,
Avery Dennison Corp_20170725,Gregory Lovins,M,
3M Company_20170425,Nicholas C. Gangestad,M,
Sherwin-Williams_20170420,John Morikis,M,
"Coty, Inc_20171109",Camillo Pane,M,
Nektar Therapeutics_20171107,Howard Robin,M,
Pentair plc_20170725,Randy Hogan,M,
Hologic_20170802,Stephen P. MacMillan,M,
Campbell Soup_20170519,Denise Morrison,F,
Hologic_20171108,Stephen P. MacMillan,M,
Nielsen Holdings_20171025,Jamere Jackson,M,
Intel Corp._20170727,Brian M. Krzanich,M,
Microsoft Corp._20170720,Amy Hood,F,
NetApp_20170215,George Kurian,M,
Altria Group Inc_20170502,William F. Gifford,M,
EQT Corporation_20170727,Robert J. McNally,M,
Baxter International Inc._20170426,José E. Almeida,M,
Caterpillar Inc._20170425,Bradley M. Halverson,M,
Oracle Corp._20170621,Safra Catz,F,
Mylan N.V._20170510,Rajiv Malik,M,
Alliance Data Systems_20170420,Charles Horn,M,
Quest Diagnostics_20170725,Stephen H. Rusckowski,M,
AT&T Inc._20170425,John J. Stephens,M,
Cimarex Energy_20170510,Joseph R. Albi,M,
Kimberly-Clark_20170424,Thomas J. Falk,M,
Fortive Corp_20170207,Jim Lico,M,
Campbell Soup_20170217,Denise M. Morrison,F,
Lennar Corp._20170620,Stuart Miller,M,
AmerisourceBergen Corp_20170504,Steven H. Collis,M,
Mattel Inc._20170727,Kevin M. Farr,M,
Church & Dwight_20170803,Richard A. Dierker,M,
Xerox_20170801,William F. Osbourn,M,
Abbott Laboratories_20171018,Miles White,M,
Hasbro Inc._20170206,Brian D. Goldner,M,
Oracle Corp._20170914,Safra Catz,F,
Ball Corp_20170803,John A. Hayes,M,
Advanced Micro Devices Inc_20170501,Lisa T. Su,F,
Kraft Heinz Co_20170503,Paulo Luiz Araújo Basílio,M,
CBS Corp._20171102,Leslie Moonves,M,
Varian Medical Systems_20171025,Gary Bischoping,M,
Schlumberger Ltd._20170721,Paal Kibsgaard,M,
PPL Corp._20170201,William H. Spence,M,
Gartner Inc_20170202,Craig W. Safian,M,
Amazon.com Inc._20170427,Darin Manney,M,
Foot Locker Inc_20170224,Richard A. Johnson,M,
Seagate Technology_20171023,Dave Morton,M,
Chevron Corp._20170127,Pat Yarrington,F,
Red Hat Inc._20170327,Eric Shander,M,
Ross Stores_20170817,Michael Hartshorn,M,
LKQ Corporation_20170427,Dominick P. Zarcone,M,
Xcel Energy Inc_20170727,Robert C. Frenzel,M,
Interpublic Group_20170421,Frank Mergenthaler,M,
Kimberly-Clark_20170725,Maria G. Henry,F,
Dish Network_20170803,W. Erik Carlson,M,
Digital Realty Trust Inc_20170427,Andrew Power,M,
Advanced Micro Devices Inc_20171024,Devinder Kumar,M,
AmerisourceBergen Corp_20171102,Tim G. Guttman,M,
Prologis_20170718,Tom Olinger,M,
Becton Dickinson_20170803,Christopher R. Reidy,M,
DaVita Inc._20170502,Javier J. Rodriguez,M,
Polo Ralph Lauren Corp._20171102,Jane Nielsen,F,
The Cooper Companies_20170831,Bob Weiss,M,
Hologic_20170201,Steve MacMillan,M,
American Express Co_20170719,Jeff Campbell,M,
The Walt Disney Company_20170509,Christine M. McCarthy,F,
Valero Energy_20170727,Joseph W. Gorder,M,
eBay Inc._20170419,Scott Schenkel,M,
Halliburton Co._20171023,Jeff Miller,M,
Celgene Corp._20171026,Nadim Ahmed,M,
Archer-Daniels-Midland Co_20171031,Ray G. Young,M,
CBS Corp._20170807,Leslie Moonves,M,
Cisco Systems_20170215,Kelly A. Kramer,F,
Akamai Technologies Inc_20170502,James Benson,M,
Caterpillar Inc._20170126,Michael Lynn DeWalt,M,
Ventas Inc_20171027,Robert Probst,M,
Dish Network_20170501,Steven E. Swain,M,
Vulcan Materials_20170802,J. Thomas Hill,M,
"Twitter, Inc._20170727",Anthony Noto,M,
Darden Restaurants_20170926,Gene Lee,M,
Cadence Design Systems_20170724,John Wall,M,
Waste Management Inc._20170216,Devina A. Rankin,F,
Lockheed Martin Corp._20171024,Bruce L. Tanner,M,
Motorola Solutions Inc._20170504,Gino A. Bonanotte,M,
General Dynamics_20170426,Phebe N. Novakovic,F,
Red Hat Inc._20171219,Eric Shander,M,
Schlumberger Ltd._20170421,Paal Kibsgaard,M,
Home Depot_20170221,Carol B. Tomé,F,
Lilly (Eli) & Co._20170131,David A. Ricks,M,
Kellogg Co._20171031,Paul T. Norman,M,
Western Union Co_20171102,Rajesh K. Agrawal,M,
HP Inc._20171121,Dion Weisler,M,
Dominion Energy_20170504,Thomas F. Farrell II,M,
Hilton Worldwide Holdings Inc_20170215,Christopher J. Nassetta,M,
Equinix_20171101,Katrina Rymill,F,
Adobe Systems Inc_20170316,Shantanu Narayen,M,
PPG Industries_20170119,Michael McGarry,M,
Regeneron_20170803,George D. Yancopoulos,M,
Verizon Communications_20170124,Matt Ellis,M,
Molson Coors Brewing Company_20170802,Tracey Joubert,F,
Baxter International Inc._20170726,James K. Saccaro,M,
Snap-On Inc._20170202,Nicholas T. Pinchuk,M,
Kroger Co._20170302,Mike Schlotman,M,
Varian Medical Systems_20170125,Dow R. Wilson,M,
MSCI Inc_20170504,Kathleen A. Winters,F,
Illinois Tool Works_20171023,Scott Santi,M,
The Mosaic Company_20170502,Richard L. Mack,M,
Lilly (Eli) & Co._20170425,David A. Ricks,M,
Masco Corp._20170727,John Sznewajs,M,
PepsiCo Inc._20170215,Indra K. Nooyi,F,
Royal Caribbean Cruises Ltd_20171107,Richard D. Fain,M,
Gartner Inc_20170808,Craig W. Safian,M,